name, age, e-mail, division, telephone, sex
강지서,62, mhnidnai@bhban.com, mal, 010-8162-6881, male
박도윤,56, hzb17y71@bhban.com, 8p7, 010-8156-6781, male
박서원,35, ilos6rpm@bhban.com, ubu, 010-8135-7081, female
윤주연,35, h6tezgzw@bhban.com, zw0, 010-8135-7081, female
윤지서,43, 0bxwcyzu@bhban.com, zos, 010-8143-6981, female
이윤호,56, covyvbls@bhban.com, o7t, 010-8156-6781, female
이지후,62, e68z84oz@bhban.com, zdy, 010-8162-6881, male
장지진,62, 965pxbf6@bhban.com, 3m2, 010-8162-6881, female
장하서,43, 288w23hc@bhban.com, vb1, 010-8143-6981, male
조채우,43, vxy4z49f@bhban.com, idn, 010-8143-6981, male
